BARRIO,Hora_0,Hora_1,Hora_2,Hora_3,Hora_4,Hora_5,Hora_6,Hora_7,Hora_8,Hora_9,Hora_10,Hora_11,Hora_12,Hora_13,Hora_14,Hora_15,Hora_16,Hora_17,Hora_18,Hora_19,Hora_20,Hora_21,Hora_22,Hora_23
AguasFrias,1.0,1.0,2.0,1.0,2.0,2.0,6.0,0.0,5.0,3.0,6.0,7.0,1.0,3.0,3.0,4.0,0.0,5.0,1.0,3.0,8.0,6.0,4.0,4.0
AldeaPabloVI,3.0,3.0,0.0,1.0,2.0,3.0,4.0,1.0,3.0,1.0,1.0,5.0,5.0,4.0,3.0,4.0,2.0,3.0,5.0,1.0,5.0,2.0,2.0,0.0
Alejandria,3.0,11.0,3.0,4.0,8.0,4.0,23.0,17.0,24.0,26.0,23.0,28.0,18.0,18.0,28.0,26.0,21.0,16.0,12.0,17.0,14.0,9.0,13.0,4.0
AlejandroEchavarria,14.0,13.0,21.0,9.0,19.0,18.0,40.0,49.0,36.0,26.0,29.0,31.0,47.0,19.0,23.0,35.0,28.0,39.0,40.0,40.0,35.0,24.0,21.0,15.0
AlfonsoLopez,13.0,13.0,6.0,18.0,16.0,34.0,76.0,66.0,54.0,48.0,33.0,46.0,53.0,47.0,48.0,53.0,45.0,58.0,50.0,53.0,45.0,40.0,26.0,21.0
Altamira,4.0,11.0,7.0,11.0,7.0,29.0,59.0,57.0,40.0,32.0,33.0,24.0,39.0,32.0,39.0,28.0,31.0,28.0,35.0,31.0,38.0,20.0,15.0,7.0
Altavista,5.0,6.0,4.0,1.0,2.0,10.0,17.0,20.0,18.0,10.0,19.0,14.0,21.0,12.0,20.0,11.0,9.0,23.0,15.0,15.0,21.0,10.0,10.0,7.0
AltavistaSectorCentral,0.0,2.0,2.0,2.0,2.0,5.0,9.0,7.0,4.0,9.0,6.0,7.0,8.0,4.0,4.0,0.0,6.0,4.0,2.0,7.0,9.0,9.0,2.0,3.0
AltosdelPoblado,2.0,3.0,1.0,4.0,5.0,6.0,9.0,23.0,16.0,6.0,6.0,17.0,21.0,7.0,15.0,10.0,10.0,21.0,12.0,11.0,10.0,3.0,4.0,2.0
Andalucia,0.0,5.0,3.0,5.0,2.0,6.0,10.0,12.0,9.0,7.0,11.0,5.0,13.0,5.0,16.0,7.0,15.0,15.0,11.0,10.0,8.0,8.0,8.0,6.0
AntonioNariño,3.0,2.0,4.0,2.0,5.0,8.0,16.0,11.0,8.0,10.0,18.0,11.0,13.0,11.0,8.0,8.0,12.0,16.0,14.0,9.0,9.0,6.0,4.0,3.0
Aranjuez,8.0,1.0,5.0,7.0,3.0,5.0,17.0,20.0,15.0,14.0,17.0,15.0,20.0,19.0,15.0,15.0,13.0,15.0,21.0,18.0,10.0,17.0,18.0,6.0
AreaDeExpansionAltavista,1.0,1.0,1.0,2.0,0.0,3.0,1.0,2.0,1.0,2.0,1.0,4.0,4.0,1.0,2.0,2.0,2.0,2.0,0.0,1.0,3.0,3.0,2.0,3.0
AreaDeExpansionBelenRincon,0.0,0.0,0.0,0.0,0.0,1.0,0.0,1.0,0.0,0.0,0.0,1.0,0.0,2.0,1.0,0.0,0.0,0.0,0.0,0.0,0.0,1.0,1.0,2.0
AsomaderaNo1,2.0,8.0,2.0,3.0,3.0,7.0,18.0,32.0,20.0,17.0,8.0,16.0,17.0,16.0,13.0,11.0,9.0,22.0,21.0,10.0,15.0,8.0,8.0,3.0
AsomaderaNo2,6.0,6.0,2.0,10.0,10.0,2.0,16.0,25.0,25.0,17.0,18.0,18.0,27.0,20.0,24.0,27.0,19.0,19.0,19.0,18.0,12.0,10.0,22.0,13.0
AsomaderaNo3,2.0,2.0,4.0,1.0,3.0,4.0,9.0,10.0,5.0,6.0,6.0,5.0,8.0,7.0,2.0,4.0,10.0,5.0,2.0,4.0,5.0,4.0,2.0,2.0
Astorga,4.0,2.0,4.0,4.0,4.0,5.0,4.0,11.0,13.0,15.0,22.0,16.0,20.0,21.0,14.0,17.0,14.0,25.0,9.0,7.0,2.0,4.0,5.0,3.0
AuresNo1,9.0,7.0,9.0,8.0,5.0,17.0,20.0,24.0,20.0,17.0,13.0,23.0,21.0,19.0,18.0,18.0,24.0,21.0,18.0,19.0,25.0,12.0,9.0,9.0
AuresNo2,3.0,6.0,4.0,6.0,8.0,19.0,25.0,29.0,20.0,35.0,21.0,32.0,27.0,28.0,22.0,16.0,25.0,29.0,16.0,15.0,25.0,21.0,10.0,11.0
BCerroElVolador,0.0,3.0,3.0,2.0,2.0,8.0,7.0,5.0,11.0,6.0,6.0,3.0,4.0,9.0,11.0,8.0,9.0,9.0,8.0,8.0,3.0,3.0,1.0,1.0
BarrioCaicedo,8.0,16.0,17.0,10.0,6.0,24.0,57.0,49.0,46.0,42.0,43.0,33.0,53.0,35.0,35.0,35.0,42.0,37.0,42.0,31.0,27.0,27.0,24.0,14.0
BarrioColombia,5.0,14.0,14.0,13.0,12.0,24.0,45.0,64.0,49.0,57.0,66.0,72.0,69.0,49.0,58.0,67.0,66.0,78.0,49.0,31.0,24.0,20.0,8.0,7.0
BarrioColon,18.0,49.0,47.0,29.0,57.0,105.0,155.0,175.0,169.0,182.0,197.0,162.0,182.0,140.0,142.0,177.0,176.0,191.0,197.0,135.0,77.0,51.0,49.0,21.0
BarrioCristobal,0.0,3.0,1.0,1.0,3.0,7.0,6.0,4.0,11.0,6.0,8.0,9.0,9.0,8.0,5.0,5.0,5.0,7.0,9.0,6.0,4.0,4.0,3.0,2.0
BarriodeJesus,2.0,2.0,5.0,5.0,0.0,7.0,15.0,13.0,12.0,9.0,11.0,8.0,16.0,6.0,6.0,12.0,11.0,11.0,8.0,15.0,7.0,7.0,14.0,1.0
BarriosdeJesus,0.0,0.0,0.0,0.0,1.0,0.0,0.0,0.0,0.0,0.0,0.0,0.0,0.0,0.0,0.0,0.0,0.0,0.0,0.0,0.0,0.0,0.0,0.0,0.0
BatallonGirardot,0.0,0.0,0.0,0.0,1.0,0.0,1.0,0.0,0.0,0.0,2.0,0.0,0.0,1.0,0.0,1.0,1.0,0.0,1.0,0.0,1.0,0.0,0.0,0.0
Belalcazar,2.0,7.0,3.0,4.0,11.0,24.0,48.0,41.0,24.0,27.0,13.0,20.0,22.0,20.0,20.0,23.0,21.0,29.0,18.0,24.0,19.0,14.0,5.0,1.0
Belen,19.0,40.0,29.0,23.0,37.0,53.0,91.0,103.0,104.0,97.0,134.0,121.0,139.0,101.0,116.0,112.0,123.0,135.0,119.0,95.0,80.0,63.0,38.0,21.0
Belencito,0.0,0.0,3.0,4.0,3.0,2.0,7.0,8.0,4.0,3.0,7.0,8.0,7.0,10.0,5.0,5.0,10.0,8.0,9.0,7.0,9.0,6.0,2.0,0.0
BelloHorizonte,2.0,6.0,3.0,7.0,2.0,11.0,17.0,22.0,8.0,11.0,9.0,15.0,24.0,13.0,11.0,11.0,16.0,17.0,14.0,14.0,10.0,14.0,8.0,10.0
Berlin,11.0,19.0,19.0,15.0,12.0,24.0,31.0,34.0,31.0,31.0,26.0,28.0,41.0,32.0,25.0,26.0,33.0,32.0,41.0,50.0,35.0,30.0,17.0,19.0
Bermejal-LosAlamos,2.0,2.0,3.0,9.0,4.0,6.0,14.0,9.0,8.0,10.0,10.0,8.0,14.0,14.0,5.0,5.0,11.0,9.0,20.0,9.0,12.0,5.0,8.0,3.0
Betania,2.0,2.0,1.0,0.0,2.0,1.0,3.0,5.0,7.0,6.0,5.0,5.0,2.0,5.0,3.0,8.0,5.0,3.0,6.0,5.0,8.0,6.0,0.0,1.0
Blanquizal,1.0,1.0,0.0,1.0,0.0,4.0,7.0,1.0,5.0,4.0,4.0,3.0,5.0,4.0,6.0,6.0,1.0,1.0,4.0,6.0,0.0,4.0,1.0,0.0
Bolivariana,1.0,7.0,16.0,12.0,12.0,15.0,32.0,41.0,46.0,45.0,49.0,35.0,60.0,48.0,42.0,53.0,55.0,54.0,44.0,29.0,19.0,16.0,18.0,7.0
BombonaNo1,7.0,10.0,22.0,8.0,16.0,39.0,64.0,84.0,77.0,56.0,47.0,48.0,51.0,60.0,54.0,47.0,53.0,70.0,66.0,57.0,39.0,26.0,16.0,12.0
BombonaNo2,1.0,6.0,2.0,4.0,4.0,12.0,11.0,16.0,18.0,12.0,11.0,13.0,13.0,12.0,13.0,14.0,14.0,22.0,15.0,8.0,19.0,16.0,7.0,6.0
BosquesdeSanPablo,0.0,4.0,2.0,3.0,6.0,13.0,19.0,20.0,21.0,18.0,28.0,17.0,19.0,17.0,7.0,15.0,16.0,18.0,21.0,13.0,15.0,7.0,6.0,2.0
Boston,18.0,24.0,27.0,25.0,29.0,44.0,117.0,157.0,131.0,113.0,109.0,99.0,124.0,110.0,110.0,84.0,95.0,118.0,92.0,77.0,46.0,52.0,46.0,21.0
Boyaca,5.0,11.0,9.0,8.0,13.0,17.0,31.0,44.0,18.0,19.0,14.0,17.0,19.0,21.0,19.0,20.0,22.0,25.0,13.0,36.0,22.0,18.0,10.0,6.0
Brasilia,5.0,5.0,6.0,3.0,10.0,18.0,17.0,23.0,22.0,16.0,17.0,13.0,32.0,16.0,18.0,17.0,16.0,20.0,34.0,24.0,22.0,23.0,15.0,8.0
BuenosAires,7.0,13.0,16.0,18.0,13.0,24.0,55.0,50.0,51.0,38.0,47.0,47.0,46.0,48.0,40.0,30.0,37.0,37.0,56.0,52.0,39.0,29.0,29.0,8.0
BugaPatioBonito,0.0,1.0,1.0,0.0,0.0,1.0,3.0,3.0,0.0,3.0,1.0,1.0,3.0,1.0,1.0,2.0,4.0,6.0,4.0,3.0,1.0,2.0,0.0,0.0
CabeceraSanAntoniodePrado,15.0,14.0,22.0,15.0,16.0,48.0,67.0,66.0,50.0,45.0,63.0,52.0,76.0,55.0,63.0,66.0,80.0,88.0,65.0,53.0,41.0,43.0,32.0,17.0
CabeceraUrbanaSanCristobal,6.0,8.0,11.0,8.0,10.0,13.0,30.0,38.0,22.0,26.0,22.0,26.0,32.0,25.0,29.0,23.0,24.0,33.0,27.0,23.0,23.0,12.0,8.0,3.0
Calasanz,7.0,8.0,10.0,8.0,6.0,15.0,43.0,64.0,33.0,28.0,30.0,32.0,30.0,43.0,45.0,40.0,40.0,48.0,30.0,33.0,32.0,15.0,11.0,7.0
CalasanzParteAlta,7.0,6.0,4.0,4.0,2.0,13.0,40.0,19.0,23.0,16.0,12.0,15.0,19.0,20.0,17.0,14.0,22.0,19.0,18.0,15.0,18.0,17.0,7.0,7.0
CalleNueva,6.0,15.0,17.0,16.0,27.0,34.0,66.0,77.0,78.0,88.0,84.0,96.0,90.0,72.0,79.0,75.0,89.0,97.0,64.0,47.0,28.0,29.0,14.0,8.0
CampoAlegre,7.0,7.0,4.0,3.0,4.0,18.0,29.0,36.0,23.0,16.0,21.0,26.0,24.0,23.0,21.0,20.0,19.0,25.0,34.0,17.0,23.0,19.0,12.0,3.0
CampoAmor,21.0,39.0,45.0,36.0,51.0,127.0,230.0,242.0,167.0,147.0,151.0,191.0,205.0,180.0,174.0,183.0,206.0,249.0,172.0,100.0,82.0,70.0,51.0,30.0
CampoValdesNo1,16.0,33.0,26.0,19.0,22.0,42.0,67.0,63.0,56.0,42.0,40.0,42.0,50.0,46.0,28.0,48.0,41.0,48.0,61.0,48.0,46.0,43.0,29.0,20.0
CampoValdesNo2,18.0,24.0,24.0,19.0,32.0,31.0,28.0,34.0,24.0,23.0,27.0,39.0,38.0,39.0,19.0,24.0,46.0,37.0,50.0,48.0,59.0,40.0,32.0,21.0
Caribe,25.0,61.0,75.0,66.0,65.0,140.0,284.0,303.0,202.0,197.0,199.0,184.0,195.0,197.0,194.0,205.0,201.0,198.0,161.0,149.0,126.0,86.0,83.0,24.0
CarlosERestrepo,15.0,34.0,32.0,34.0,42.0,77.0,155.0,201.0,156.0,111.0,138.0,147.0,171.0,136.0,123.0,115.0,158.0,156.0,120.0,108.0,87.0,58.0,39.0,28.0
Carpinelo,0.0,4.0,1.0,1.0,2.0,3.0,4.0,4.0,3.0,4.0,5.0,10.0,5.0,1.0,3.0,5.0,8.0,4.0,3.0,5.0,4.0,4.0,2.0,1.0
Castilla,16.0,37.0,33.0,32.0,32.0,72.0,155.0,151.0,106.0,100.0,82.0,85.0,127.0,110.0,115.0,94.0,87.0,95.0,123.0,117.0,119.0,94.0,60.0,33.0
Castropol,9.0,12.0,13.0,11.0,13.0,24.0,41.0,68.0,53.0,38.0,42.0,51.0,44.0,40.0,45.0,46.0,51.0,52.0,32.0,35.0,33.0,15.0,21.0,12.0
Cataluña,8.0,2.0,5.0,6.0,4.0,5.0,11.0,21.0,10.0,7.0,10.0,9.0,7.0,7.0,14.0,10.0,8.0,6.0,10.0,22.0,19.0,8.0,14.0,2.0
CementerioUniversal,1.0,4.0,1.0,4.0,2.0,8.0,10.0,9.0,9.0,8.0,12.0,6.0,3.0,16.0,8.0,9.0,8.0,5.0,5.0,10.0,4.0,7.0,0.0,2.0
CentroAdministrativo,0.0,6.0,6.0,5.0,7.0,12.0,13.0,12.0,20.0,15.0,11.0,19.0,19.0,12.0,13.0,16.0,13.0,17.0,10.0,10.0,2.0,4.0,5.0,0.0
CerroNutibara,3.0,6.0,12.0,7.0,7.0,22.0,33.0,35.0,32.0,24.0,29.0,32.0,49.0,32.0,24.0,35.0,40.0,53.0,26.0,22.0,17.0,10.0,15.0,5.0
CorazondeJesus,11.0,24.0,20.0,33.0,30.0,73.0,108.0,123.0,98.0,118.0,127.0,132.0,165.0,130.0,142.0,99.0,144.0,131.0,106.0,71.0,46.0,40.0,34.0,5.0
Cordoba,3.0,4.0,4.0,4.0,7.0,18.0,40.0,36.0,19.0,13.0,16.0,19.0,25.0,12.0,15.0,11.0,14.0,22.0,35.0,23.0,25.0,14.0,14.0,4.0
CorregimientodeSanAntoniodePrado,0.0,0.0,0.0,0.0,0.0,0.0,0.0,0.0,0.0,0.0,0.0,0.0,0.0,0.0,0.0,0.0,0.0,1.0,0.0,2.0,0.0,0.0,0.0,1.0
CorregimientodeSantaElena,0.0,0.0,0.0,0.0,0.0,0.0,0.0,0.0,0.0,0.0,0.0,0.0,0.0,0.0,0.0,0.0,0.0,0.0,0.0,0.0,0.0,1.0,0.0,0.0
CristoRey,10.0,27.0,14.0,18.0,18.0,62.0,102.0,102.0,83.0,72.0,75.0,99.0,123.0,98.0,104.0,100.0,91.0,110.0,103.0,78.0,51.0,40.0,26.0,23.0
CuartaBrigada,4.0,13.0,9.0,10.0,10.0,29.0,77.0,88.0,58.0,51.0,51.0,52.0,75.0,41.0,58.0,56.0,46.0,61.0,49.0,47.0,33.0,22.0,20.0,3.0
Cucaracho,7.0,13.0,21.0,12.0,20.0,36.0,71.0,52.0,38.0,37.0,31.0,49.0,36.0,47.0,38.0,32.0,48.0,43.0,48.0,33.0,48.0,36.0,21.0,17.0
DiegoEchavarria,4.0,5.0,2.0,2.0,3.0,11.0,25.0,26.0,29.0,16.0,15.0,19.0,23.0,16.0,24.0,19.0,13.0,14.0,15.0,20.0,12.0,18.0,8.0,3.0
DocedeOctubreNo1,6.0,13.0,9.0,7.0,4.0,15.0,20.0,24.0,10.0,19.0,19.0,26.0,21.0,19.0,23.0,15.0,28.0,18.0,23.0,26.0,17.0,20.0,19.0,9.0
DocedeOctubreNo2,8.0,10.0,10.0,11.0,11.0,17.0,29.0,31.0,23.0,20.0,26.0,25.0,42.0,24.0,20.0,24.0,25.0,28.0,25.0,26.0,22.0,25.0,21.0,5.0
EduardoSantos,0.0,0.0,0.0,0.0,1.0,5.0,7.0,2.0,2.0,1.0,0.0,1.0,1.0,2.0,2.0,2.0,1.0,3.0,2.0,0.0,2.0,1.0,1.0,0.0
ElCastillo,1.0,1.0,1.0,4.0,3.0,2.0,19.0,12.0,11.0,14.0,12.0,8.0,9.0,15.0,13.0,15.0,18.0,22.0,17.0,7.0,13.0,7.0,2.0,1.0
ElChagualo,12.0,29.0,28.0,37.0,44.0,71.0,104.0,116.0,90.0,89.0,94.0,96.0,129.0,82.0,86.0,86.0,112.0,105.0,107.0,91.0,40.0,36.0,32.0,18.0
ElCompromiso,1.0,0.0,2.0,2.0,0.0,3.0,5.0,5.0,4.0,3.0,7.0,2.0,5.0,4.0,4.0,4.0,1.0,2.0,5.0,2.0,7.0,2.0,3.0,0.0
ElCorazon,1.0,3.0,2.0,4.0,1.0,7.0,9.0,7.0,5.0,4.0,5.0,5.0,6.0,3.0,3.0,2.0,4.0,4.0,4.0,5.0,4.0,3.0,1.0,0.0
ElCorazonElMorro,0.0,0.0,0.0,0.0,0.0,0.0,1.0,0.0,0.0,1.0,0.0,1.0,1.0,1.0,2.0,0.0,0.0,3.0,2.0,0.0,1.0,0.0,0.0,0.0
ElDanubio,3.0,7.0,0.0,10.0,3.0,11.0,17.0,27.0,20.0,18.0,15.0,17.0,22.0,13.0,17.0,13.0,15.0,10.0,21.0,13.0,18.0,20.0,11.0,2.0
ElDiamante,6.0,19.0,12.0,14.0,18.0,47.0,50.0,56.0,47.0,39.0,38.0,32.0,48.0,44.0,41.0,36.0,34.0,38.0,44.0,38.0,46.0,34.0,23.0,21.0
ElDiamanteNo2,0.0,5.0,8.0,5.0,3.0,7.0,10.0,12.0,11.0,10.0,13.0,19.0,13.0,12.0,11.0,12.0,17.0,12.0,16.0,7.0,9.0,8.0,4.0,4.0
ElEstadio,17.0,27.0,21.0,13.0,24.0,33.0,75.0,77.0,65.0,55.0,61.0,63.0,66.0,65.0,72.0,57.0,70.0,69.0,61.0,61.0,47.0,34.0,35.0,15.0
ElNogal-LosAlmendros,1.0,6.0,6.0,2.0,4.0,7.0,7.0,23.0,16.0,23.0,21.0,27.0,21.0,22.0,21.0,28.0,30.0,22.0,18.0,11.0,10.0,11.0,13.0,5.0
ElPesebre,0.0,2.0,0.0,1.0,2.0,5.0,12.0,13.0,7.0,5.0,9.0,7.0,5.0,7.0,4.0,6.0,9.0,5.0,7.0,14.0,5.0,9.0,6.0,1.0
ElPicacho,0.0,0.0,1.0,0.0,0.0,1.0,3.0,0.0,0.0,1.0,2.0,1.0,2.0,1.0,2.0,0.0,0.0,1.0,1.0,1.0,0.0,0.0,0.0,0.0
ElPinal,4.0,7.0,10.0,5.0,9.0,7.0,17.0,25.0,23.0,27.0,31.0,25.0,33.0,26.0,16.0,23.0,29.0,20.0,24.0,25.0,19.0,21.0,12.0,4.0
ElPoblado,12.0,26.0,26.0,20.0,20.0,22.0,27.0,37.0,40.0,50.0,59.0,66.0,83.0,63.0,76.0,54.0,62.0,74.0,52.0,44.0,34.0,28.0,22.0,27.0
ElPomar,4.0,12.0,7.0,4.0,12.0,7.0,18.0,13.0,15.0,8.0,7.0,11.0,15.0,4.0,12.0,13.0,13.0,18.0,18.0,10.0,17.0,12.0,11.0,9.0
ElProgreso,6.0,18.0,15.0,20.0,18.0,54.0,101.0,83.0,92.0,53.0,69.0,56.0,75.0,79.0,71.0,55.0,84.0,103.0,73.0,76.0,64.0,65.0,27.0,13.0
ElProgresoNo2,1.0,1.0,3.0,4.0,3.0,6.0,8.0,9.0,4.0,5.0,6.0,6.0,6.0,10.0,5.0,6.0,6.0,9.0,5.0,6.0,5.0,4.0,2.0,3.0
ElRaizal,3.0,6.0,11.0,6.0,4.0,9.0,21.0,22.0,17.0,16.0,22.0,20.0,33.0,18.0,26.0,22.0,24.0,23.0,16.0,12.0,16.0,15.0,10.0,7.0
ElRincon,3.0,16.0,7.0,16.0,11.0,13.0,40.0,46.0,38.0,33.0,44.0,45.0,43.0,43.0,30.0,36.0,29.0,47.0,34.0,36.0,29.0,26.0,23.0,7.0
ElRodeo,1.0,2.0,0.0,4.0,3.0,5.0,7.0,18.0,7.0,3.0,6.0,12.0,4.0,4.0,7.0,4.0,8.0,9.0,5.0,3.0,9.0,2.0,4.0,1.0
ElSalado,4.0,4.0,5.0,2.0,9.0,6.0,6.0,11.0,7.0,8.0,9.0,10.0,8.0,3.0,4.0,6.0,5.0,13.0,8.0,5.0,6.0,3.0,7.0,3.0
ElSalvador,6.0,10.0,9.0,3.0,12.0,16.0,26.0,30.0,25.0,19.0,18.0,27.0,30.0,24.0,28.0,15.0,29.0,25.0,26.0,22.0,20.0,21.0,16.0,9.0
ElSocorro,0.0,3.0,0.0,3.0,0.0,0.0,0.0,3.0,6.0,6.0,1.0,2.0,7.0,2.0,1.0,5.0,1.0,1.0,5.0,3.0,3.0,4.0,0.0,0.0
ElTesoro,4.0,7.0,6.0,8.0,6.0,9.0,14.0,20.0,32.0,21.0,23.0,28.0,29.0,28.0,24.0,37.0,47.0,32.0,29.0,14.0,20.0,16.0,13.0,9.0
ElTriunfo,1.0,1.0,0.0,0.0,0.0,2.0,2.0,3.0,0.0,2.0,0.0,2.0,2.0,6.0,3.0,2.0,0.0,4.0,1.0,1.0,2.0,1.0,0.0,0.0
ElVelodromo,1.0,5.0,9.0,11.0,6.0,13.0,39.0,39.0,37.0,27.0,33.0,29.0,48.0,25.0,29.0,42.0,30.0,29.0,21.0,18.0,22.0,18.0,11.0,7.0
ElVergel,0.0,0.0,0.0,1.0,0.0,0.0,0.0,0.0,0.0,0.0,1.0,0.0,0.0,1.0,0.0,0.0,0.0,0.0,0.0,0.0,0.0,0.0,0.0,0.0
Enciso,3.0,9.0,4.0,9.0,12.0,15.0,41.0,48.0,21.0,31.0,19.0,24.0,31.0,36.0,21.0,22.0,18.0,30.0,25.0,29.0,30.0,28.0,16.0,10.0
EstacionVilla,8.0,13.0,15.0,14.0,18.0,22.0,43.0,60.0,73.0,41.0,50.0,64.0,63.0,61.0,46.0,57.0,59.0,74.0,57.0,39.0,27.0,16.0,15.0,5.0
FacultadVeterinariayZootecniaUdeA,0.0,3.0,2.0,3.0,2.0,5.0,11.0,22.0,14.0,16.0,8.0,12.0,19.0,11.0,6.0,15.0,14.0,16.0,9.0,5.0,6.0,6.0,1.0,0.0
FacultaddeMinasUNacional,9.0,9.0,15.0,12.0,16.0,45.0,95.0,90.0,56.0,31.0,54.0,32.0,53.0,47.0,34.0,39.0,62.0,60.0,56.0,38.0,32.0,29.0,15.0,9.0
Fatima,5.0,12.0,26.0,11.0,12.0,15.0,43.0,80.0,42.0,51.0,46.0,46.0,75.0,46.0,51.0,56.0,61.0,60.0,49.0,34.0,34.0,20.0,19.0,9.0
Ferrini,1.0,4.0,1.0,2.0,0.0,3.0,16.0,25.0,6.0,11.0,7.0,14.0,14.0,11.0,16.0,12.0,16.0,11.0,8.0,16.0,8.0,6.0,4.0,0.0
Florencia,5.0,3.0,7.0,8.0,3.0,9.0,12.0,20.0,12.0,11.0,13.0,21.0,16.0,16.0,14.0,12.0,14.0,16.0,11.0,19.0,13.0,14.0,15.0,8.0
FloridaNueva,9.0,10.0,11.0,10.0,10.0,21.0,34.0,44.0,37.0,38.0,39.0,37.0,42.0,39.0,45.0,43.0,29.0,32.0,26.0,25.0,17.0,16.0,16.0,13.0
FranciscoAntonioZea,3.0,9.0,4.0,5.0,8.0,17.0,47.0,48.0,28.0,15.0,20.0,24.0,28.0,26.0,16.0,29.0,20.0,26.0,33.0,30.0,21.0,14.0,20.0,6.0
FuenteClara,1.0,1.0,0.0,0.0,1.0,1.0,10.0,1.0,2.0,2.0,3.0,4.0,7.0,1.0,3.0,6.0,3.0,8.0,5.0,3.0,2.0,2.0,2.0,1.0
Gerona,5.0,2.0,5.0,8.0,9.0,12.0,18.0,17.0,18.0,17.0,17.0,18.0,23.0,17.0,23.0,17.0,17.0,22.0,22.0,22.0,18.0,25.0,6.0,5.0
Girardot,8.0,11.0,13.0,8.0,12.0,37.0,76.0,64.0,49.0,35.0,34.0,47.0,46.0,53.0,41.0,41.0,31.0,38.0,50.0,38.0,44.0,40.0,33.0,19.0
Granada,2.0,3.0,3.0,4.0,10.0,8.0,25.0,37.0,25.0,20.0,27.0,23.0,23.0,26.0,26.0,15.0,21.0,18.0,20.0,12.0,15.0,7.0,8.0,4.0
Granizal,2.0,6.0,7.0,3.0,8.0,9.0,9.0,15.0,11.0,15.0,15.0,14.0,21.0,8.0,16.0,13.0,13.0,21.0,14.0,17.0,17.0,10.0,7.0,7.0
Guayabal,8.0,27.0,31.0,26.0,33.0,90.0,139.0,155.0,119.0,101.0,102.0,116.0,125.0,127.0,123.0,110.0,98.0,144.0,113.0,50.0,48.0,48.0,29.0,17.0
Guayaquil,11.0,36.0,57.0,56.0,47.0,105.0,178.0,216.0,171.0,162.0,202.0,192.0,243.0,174.0,165.0,188.0,193.0,179.0,173.0,94.0,52.0,38.0,29.0,17.0
HectorAbadGomez,9.0,9.0,3.0,3.0,17.0,46.0,63.0,55.0,50.0,34.0,35.0,41.0,24.0,29.0,36.0,36.0,31.0,27.0,37.0,32.0,24.0,25.0,22.0,4.0
HospitalSanVicentedePaul,0.0,3.0,1.0,3.0,2.0,2.0,4.0,8.0,4.0,9.0,9.0,5.0,5.0,2.0,5.0,7.0,9.0,7.0,4.0,5.0,1.0,1.0,4.0,1.0
Inst,1.0,3.0,2.0,3.0,1.0,4.0,8.0,7.0,7.0,10.0,6.0,9.0,4.0,3.0,8.0,11.0,8.0,8.0,17.0,6.0,3.0,6.0,2.0,1.0
JardinBotanico,0.0,7.0,5.0,1.0,2.0,5.0,12.0,13.0,9.0,2.0,7.0,9.0,11.0,3.0,7.0,12.0,10.0,18.0,12.0,2.0,2.0,9.0,4.0,3.0
JesusNazareno,10.0,31.0,28.0,27.0,28.0,60.0,72.0,126.0,90.0,98.0,79.0,110.0,105.0,93.0,93.0,108.0,99.0,104.0,78.0,58.0,41.0,39.0,22.0,18.0
JuanPabloII,1.0,0.0,1.0,3.0,0.0,1.0,0.0,3.0,2.0,1.0,2.0,2.0,1.0,0.0,1.0,1.0,4.0,0.0,1.0,2.0,1.0,2.0,0.0,0.0
JuanXXIIILaQuiebra,0.0,0.0,2.0,4.0,3.0,4.0,6.0,8.0,6.0,8.0,7.0,8.0,12.0,6.0,5.0,8.0,6.0,10.0,12.0,4.0,5.0,10.0,2.0,2.0
Kennedy,11.0,16.0,16.0,9.0,12.0,26.0,42.0,44.0,35.0,24.0,26.0,36.0,34.0,40.0,38.0,33.0,40.0,43.0,52.0,44.0,41.0,29.0,27.0,17.0
LaAguacatala,7.0,13.0,26.0,16.0,31.0,37.0,77.0,113.0,75.0,87.0,77.0,82.0,113.0,77.0,88.0,99.0,102.0,100.0,87.0,76.0,56.0,40.0,30.0,9.0
LaAlpujarra,3.0,12.0,14.0,11.0,15.0,30.0,43.0,60.0,42.0,45.0,44.0,58.0,65.0,51.0,46.0,37.0,56.0,63.0,55.0,37.0,12.0,14.0,13.0,3.0
LaAmerica,9.0,11.0,20.0,4.0,19.0,31.0,57.0,70.0,59.0,54.0,49.0,51.0,51.0,63.0,39.0,66.0,41.0,49.0,38.0,40.0,34.0,30.0,15.0,8.0
LaAvanzada,2.0,4.0,1.0,1.0,2.0,1.0,5.0,4.0,2.0,4.0,4.0,2.0,4.0,5.0,4.0,6.0,3.0,5.0,2.0,7.0,5.0,2.0,1.0,2.0
LaCandelaria,23.0,62.0,59.0,63.0,64.0,105.0,192.0,248.0,241.0,207.0,271.0,292.0,307.0,213.0,239.0,266.0,271.0,281.0,233.0,164.0,120.0,106.0,51.0,34.0
LaCastellana,3.0,15.0,14.0,8.0,11.0,17.0,46.0,46.0,30.0,23.0,28.0,27.0,42.0,51.0,32.0,32.0,24.0,43.0,31.0,38.0,20.0,12.0,9.0,3.0
LaColina,6.0,5.0,4.0,13.0,4.0,13.0,33.0,31.0,23.0,16.0,20.0,26.0,15.0,22.0,22.0,18.0,22.0,21.0,30.0,21.0,30.0,13.0,17.0,8.0
LaCruz,1.0,0.0,1.0,1.0,0.0,2.0,5.0,3.0,4.0,2.0,4.0,3.0,4.0,6.0,4.0,5.0,4.0,6.0,7.0,9.0,10.0,0.0,2.0,0.0
LaEsperanza,11.0,12.0,8.0,7.0,6.0,18.0,35.0,32.0,30.0,33.0,21.0,22.0,19.0,37.0,26.0,20.0,25.0,32.0,32.0,32.0,32.0,34.0,21.0,9.0
LaEsperanzaNo2,1.0,4.0,3.0,1.0,1.0,4.0,2.0,1.0,4.0,4.0,7.0,5.0,7.0,2.0,3.0,6.0,2.0,6.0,4.0,8.0,5.0,0.0,8.0,2.0
LaFloresta,5.0,9.0,12.0,3.0,9.0,15.0,42.0,37.0,29.0,26.0,31.0,34.0,33.0,31.0,24.0,31.0,25.0,40.0,36.0,37.0,30.0,24.0,16.0,10.0
LaFlorida,7.0,12.0,6.0,15.0,16.0,8.0,17.0,38.0,39.0,35.0,45.0,44.0,51.0,44.0,41.0,52.0,45.0,45.0,24.0,30.0,18.0,20.0,8.0,5.0
LaFrancia,1.0,6.0,3.0,6.0,12.0,6.0,16.0,13.0,7.0,10.0,7.0,9.0,11.0,11.0,12.0,7.0,13.0,13.0,15.0,12.0,6.0,8.0,5.0,2.0
LaFrontera,0.0,5.0,3.0,1.0,3.0,10.0,15.0,13.0,11.0,10.0,10.0,10.0,10.0,13.0,5.0,12.0,8.0,10.0,8.0,8.0,12.0,8.0,7.0,1.0
LaGloria,10.0,18.0,16.0,14.0,15.0,36.0,59.0,60.0,48.0,36.0,44.0,31.0,39.0,36.0,34.0,40.0,41.0,45.0,45.0,37.0,35.0,21.0,17.0,6.0
LaHondonada,1.0,1.0,1.0,2.0,3.0,3.0,8.0,9.0,6.0,12.0,2.0,11.0,9.0,8.0,6.0,5.0,8.0,7.0,6.0,4.0,4.0,8.0,3.0,2.0
LaIsla,2.0,4.0,3.0,4.0,3.0,4.0,8.0,9.0,5.0,4.0,6.0,11.0,12.0,10.0,6.0,8.0,3.0,6.0,3.0,12.0,12.0,6.0,9.0,5.0
LaLadera,3.0,3.0,2.0,0.0,2.0,1.0,4.0,3.0,3.0,1.0,6.0,3.0,4.0,2.0,5.0,1.0,3.0,2.0,4.0,4.0,1.0,3.0,2.0,1.0
LaLibertad,4.0,4.0,0.0,3.0,4.0,17.0,13.0,15.0,9.0,10.0,16.0,25.0,14.0,18.0,7.0,10.0,14.0,16.0,5.0,16.0,17.0,10.0,7.0,4.0
LaLomaOriental,0.0,0.0,1.0,1.0,1.0,0.0,0.0,1.0,1.0,3.0,1.0,0.0,1.0,0.0,1.0,0.0,0.0,0.0,0.0,1.0,0.0,0.0,0.0,2.0
LaLomadeLosBernal,0.0,0.0,0.0,0.0,1.0,0.0,2.0,2.0,1.0,1.0,1.0,2.0,1.0,0.0,2.0,2.0,2.0,1.0,1.0,2.0,1.0,1.0,1.0,3.0
LaMansion,1.0,5.0,4.0,5.0,1.0,11.0,18.0,11.0,9.0,11.0,6.0,10.0,12.0,12.0,8.0,9.0,14.0,15.0,20.0,23.0,14.0,6.0,5.0,4.0
LaMilagrosa,2.0,6.0,8.0,9.0,9.0,14.0,25.0,20.0,13.0,23.0,16.0,15.0,26.0,19.0,13.0,16.0,19.0,23.0,24.0,32.0,27.0,25.0,9.0,8.0
LaMota,1.0,4.0,6.0,3.0,3.0,11.0,29.0,26.0,16.0,18.0,18.0,18.0,21.0,10.0,20.0,12.0,14.0,14.0,14.0,20.0,14.0,14.0,9.0,7.0
LaOculta,1.0,0.0,0.0,0.0,0.0,0.0,1.0,1.0,0.0,0.0,1.0,1.0,1.0,0.0,0.0,0.0,2.0,0.0,0.0,0.0,0.0,1.0,0.0,0.0
LaPalma,5.0,8.0,6.0,11.0,12.0,23.0,32.0,33.0,28.0,24.0,19.0,35.0,30.0,23.0,31.0,28.0,30.0,30.0,27.0,29.0,24.0,22.0,12.0,10.0
LaPilarica,2.0,6.0,12.0,1.0,5.0,12.0,21.0,26.0,20.0,19.0,18.0,15.0,19.0,11.0,23.0,12.0,22.0,24.0,23.0,16.0,18.0,15.0,4.0,5.0
LaPiñuela,5.0,8.0,5.0,5.0,5.0,8.0,10.0,12.0,16.0,20.0,13.0,12.0,17.0,12.0,10.0,13.0,12.0,14.0,14.0,9.0,20.0,12.0,8.0,8.0
LaPradera,2.0,5.0,6.0,3.0,5.0,9.0,24.0,21.0,14.0,15.0,12.0,15.0,14.0,23.0,22.0,23.0,19.0,16.0,17.0,15.0,18.0,14.0,14.0,6.0
LaRosa,3.0,5.0,5.0,1.0,3.0,5.0,12.0,8.0,11.0,7.0,10.0,9.0,6.0,9.0,4.0,7.0,15.0,8.0,10.0,12.0,9.0,9.0,5.0,5.0
LaSalle,7.0,6.0,9.0,9.0,10.0,18.0,29.0,35.0,18.0,21.0,24.0,20.0,16.0,24.0,22.0,16.0,28.0,26.0,31.0,24.0,27.0,21.0,9.0,6.0
LaSierra,0.0,0.0,0.0,0.0,0.0,2.0,0.0,1.0,0.0,0.0,1.0,0.0,1.0,2.0,1.0,0.0,1.0,1.0,1.0,0.0,1.0,0.0,1.0,0.0
LaVerde,0.0,0.0,0.0,0.0,0.0,0.0,2.0,1.0,3.0,0.0,0.0,3.0,2.0,0.0,0.0,3.0,1.0,3.0,0.0,1.0,2.0,2.0,1.0,1.0
Lalinde,0.0,2.0,0.0,2.0,4.0,5.0,2.0,7.0,7.0,11.0,7.0,3.0,16.0,10.0,10.0,4.0,8.0,7.0,4.0,3.0,0.0,5.0,1.0,6.0
LasAcacias,15.0,21.0,25.0,27.0,26.0,36.0,58.0,79.0,64.0,59.0,64.0,68.0,90.0,75.0,74.0,69.0,89.0,83.0,52.0,62.0,50.0,43.0,22.0,11.0
LasBrisas,3.0,16.0,8.0,9.0,17.0,32.0,77.0,81.0,50.0,49.0,43.0,43.0,40.0,35.0,34.0,33.0,31.0,42.0,33.0,32.0,36.0,37.0,23.0,11.0
LasEsmeraldas,3.0,14.0,4.0,9.0,9.0,9.0,18.0,22.0,18.0,20.0,13.0,25.0,19.0,17.0,13.0,14.0,16.0,23.0,19.0,20.0,11.0,17.0,6.0,8.0
LasEstancias,5.0,6.0,2.0,4.0,7.0,5.0,14.0,10.0,4.0,11.0,11.0,7.0,14.0,8.0,16.0,18.0,10.0,8.0,10.0,11.0,10.0,12.0,4.0,2.0
LasGranjas,15.0,20.0,23.0,33.0,25.0,34.0,40.0,40.0,47.0,29.0,44.0,41.0,42.0,45.0,42.0,39.0,42.0,66.0,44.0,58.0,65.0,46.0,33.0,22.0
LasIndependencias,0.0,2.0,0.0,0.0,0.0,2.0,2.0,4.0,2.0,1.0,3.0,2.0,9.0,4.0,1.0,2.0,2.0,6.0,2.0,4.0,4.0,4.0,3.0,2.0
LasLomasNo1,3.0,8.0,10.0,6.0,2.0,15.0,16.0,22.0,28.0,22.0,29.0,23.0,33.0,18.0,25.0,30.0,20.0,32.0,26.0,22.0,9.0,14.0,6.0,5.0
LasLomasNo2,1.0,1.0,3.0,4.0,1.0,2.0,16.0,13.0,15.0,11.0,18.0,17.0,15.0,21.0,14.0,17.0,16.0,13.0,4.0,6.0,9.0,5.0,5.0,0.0
LasMercedes,5.0,8.0,4.0,4.0,4.0,8.0,12.0,13.0,11.0,16.0,13.0,11.0,15.0,21.0,14.0,15.0,15.0,15.0,18.0,12.0,24.0,11.0,8.0,5.0
LasPalmas,8.0,12.0,9.0,5.0,10.0,17.0,27.0,40.0,23.0,22.0,23.0,22.0,22.0,26.0,27.0,20.0,21.0,29.0,25.0,21.0,17.0,17.0,15.0,8.0
LasPlayas,5.0,3.0,8.0,3.0,5.0,20.0,27.0,21.0,28.0,20.0,24.0,24.0,33.0,21.0,31.0,25.0,22.0,24.0,22.0,28.0,25.0,25.0,7.0,6.0
LasVioletas,7.0,6.0,2.0,6.0,2.0,12.0,9.0,26.0,17.0,12.0,13.0,15.0,17.0,19.0,15.0,22.0,17.0,14.0,17.0,21.0,15.0,17.0,8.0,5.0
Laureles,12.0,26.0,28.0,22.0,15.0,31.0,56.0,66.0,62.0,64.0,75.0,71.0,79.0,83.0,84.0,70.0,92.0,72.0,56.0,59.0,49.0,30.0,26.0,11.0
LaurelesEstadio,0.0,0.0,1.0,0.0,0.0,1.0,0.0,2.0,0.0,0.0,1.0,0.0,0.0,1.0,0.0,0.0,0.0,0.0,0.0,0.0,0.0,1.0,0.0,0.0
Llanaditas,0.0,1.0,1.0,1.0,2.0,0.0,1.0,2.0,2.0,1.0,2.0,5.0,6.0,0.0,0.0,2.0,3.0,4.0,7.0,2.0,6.0,1.0,2.0,0.0
LomadelosBernal,3.0,6.0,3.0,8.0,1.0,7.0,23.0,21.0,18.0,15.0,17.0,28.0,19.0,18.0,13.0,26.0,9.0,17.0,16.0,15.0,17.0,16.0,8.0,5.0
LopezdeMesa,9.0,11.0,10.0,12.0,9.0,33.0,61.0,63.0,47.0,34.0,42.0,30.0,34.0,42.0,27.0,25.0,43.0,23.0,44.0,41.0,43.0,23.0,21.0,7.0
Lorena,2.0,17.0,6.0,12.0,13.0,26.0,34.0,45.0,33.0,42.0,47.0,54.0,48.0,40.0,48.0,49.0,52.0,55.0,38.0,36.0,29.0,14.0,17.0,4.0
Loreto,8.0,12.0,5.0,7.0,8.0,13.0,27.0,35.0,28.0,20.0,36.0,22.0,42.0,25.0,24.0,25.0,32.0,34.0,31.0,37.0,27.0,27.0,15.0,19.0
LosAlcazares,3.0,8.0,1.0,5.0,5.0,11.0,14.0,24.0,19.0,14.0,12.0,25.0,23.0,36.0,25.0,23.0,25.0,18.0,18.0,25.0,14.0,11.0,10.0,5.0
LosAlpes,3.0,7.0,5.0,3.0,4.0,16.0,16.0,20.0,17.0,17.0,17.0,8.0,24.0,15.0,21.0,26.0,11.0,19.0,20.0,25.0,21.0,16.0,12.0,13.0
LosBalsosNo1,2.0,4.0,3.0,8.0,7.0,6.0,13.0,25.0,17.0,14.0,6.0,17.0,10.0,9.0,15.0,14.0,25.0,27.0,17.0,11.0,13.0,17.0,9.0,4.0
LosBalsosNo2,3.0,5.0,5.0,14.0,9.0,12.0,23.0,18.0,20.0,23.0,30.0,43.0,37.0,48.0,49.0,50.0,44.0,57.0,34.0,47.0,21.0,10.0,15.0,2.0
LosCerrosElVergel,4.0,4.0,2.0,5.0,4.0,5.0,11.0,10.0,9.0,6.0,10.0,11.0,14.0,12.0,12.0,9.0,8.0,9.0,10.0,4.0,16.0,11.0,5.0,5.0
LosColores,9.0,18.0,19.0,20.0,15.0,54.0,107.0,92.0,85.0,71.0,63.0,83.0,94.0,70.0,85.0,95.0,80.0,97.0,80.0,85.0,75.0,60.0,35.0,18.0
LosConquistadores,16.0,61.0,56.0,55.0,66.0,120.0,186.0,216.0,156.0,130.0,171.0,179.0,196.0,174.0,175.0,187.0,171.0,195.0,154.0,124.0,99.0,85.0,50.0,30.0
LosMangos,7.0,9.0,12.0,3.0,3.0,19.0,26.0,21.0,18.0,22.0,27.0,20.0,28.0,23.0,25.0,21.0,21.0,20.0,17.0,20.0,21.0,15.0,8.0,10.0
LosNaranjos,1.0,5.0,5.0,4.0,4.0,8.0,14.0,22.0,17.0,28.0,21.0,20.0,32.0,22.0,22.0,17.0,20.0,33.0,18.0,21.0,12.0,9.0,10.0,1.0
LosPinos,13.0,20.0,14.0,16.0,13.0,30.0,50.0,55.0,46.0,61.0,66.0,51.0,58.0,48.0,57.0,43.0,53.0,46.0,51.0,49.0,46.0,31.0,19.0,9.0
LosÁngeles,7.0,11.0,15.0,14.0,24.0,28.0,89.0,65.0,58.0,39.0,57.0,51.0,53.0,53.0,60.0,40.0,51.0,68.0,53.0,36.0,35.0,28.0,20.0,9.0
Manila,4.0,25.0,33.0,18.0,24.0,39.0,61.0,83.0,73.0,83.0,95.0,91.0,130.0,69.0,80.0,85.0,85.0,108.0,97.0,52.0,30.0,29.0,24.0,16.0
Manrique,0.0,0.0,0.0,0.0,1.0,2.0,0.0,0.0,0.0,0.0,0.0,1.0,0.0,0.0,0.0,0.0,0.0,0.0,0.0,2.0,0.0,0.0,0.0,0.0
ManriqueCentralNo1,12.0,18.0,15.0,12.0,16.0,30.0,86.0,68.0,40.0,43.0,38.0,39.0,56.0,48.0,39.0,40.0,42.0,60.0,53.0,50.0,40.0,31.0,19.0,19.0
ManriqueCentralNo2,7.0,7.0,20.0,16.0,16.0,25.0,33.0,32.0,23.0,18.0,28.0,34.0,30.0,23.0,22.0,23.0,30.0,25.0,35.0,39.0,32.0,24.0,18.0,9.0
ManriqueOriental,4.0,16.0,17.0,10.0,21.0,33.0,56.0,42.0,41.0,20.0,36.0,26.0,35.0,25.0,21.0,33.0,41.0,32.0,47.0,46.0,42.0,34.0,26.0,12.0
MariaCanoCarambolas,1.0,0.0,0.0,1.0,1.0,1.0,3.0,1.0,4.0,2.0,0.0,8.0,3.0,2.0,1.0,3.0,5.0,6.0,4.0,4.0,3.0,1.0,2.0,1.0
MediaLuna,0.0,0.0,0.0,0.0,0.0,0.0,0.0,1.0,0.0,0.0,0.0,0.0,0.0,0.0,1.0,0.0,0.0,0.0,0.0,0.0,0.0,0.0,0.0,0.0
Metropolitano,0.0,0.0,0.0,0.0,0.0,1.0,2.0,3.0,3.0,2.0,2.0,1.0,4.0,0.0,1.0,0.0,4.0,0.0,4.0,0.0,3.0,3.0,1.0,0.0
MiradordelDoce,2.0,1.0,1.0,0.0,1.0,1.0,2.0,1.0,2.0,2.0,2.0,0.0,4.0,0.0,0.0,1.0,1.0,3.0,1.0,4.0,2.0,1.0,1.0,1.0
Miraflores,11.0,8.0,8.0,4.0,15.0,12.0,39.0,41.0,23.0,22.0,29.0,23.0,24.0,31.0,28.0,18.0,16.0,26.0,24.0,23.0,32.0,23.0,24.0,13.0
Miranda,11.0,19.0,23.0,17.0,14.0,30.0,68.0,59.0,44.0,45.0,37.0,43.0,46.0,46.0,45.0,42.0,39.0,46.0,52.0,50.0,38.0,34.0,18.0,13.0
Miravalle,1.0,1.0,1.0,1.0,2.0,1.0,1.0,5.0,3.0,5.0,4.0,6.0,6.0,1.0,6.0,6.0,4.0,5.0,2.0,4.0,3.0,4.0,0.0,0.0
Monteclaro,0.0,0.0,0.0,0.0,1.0,3.0,3.0,8.0,3.0,6.0,4.0,4.0,7.0,3.0,5.0,3.0,2.0,4.0,5.0,7.0,2.0,2.0,3.0,0.0
Moravia,5.0,20.0,22.0,11.0,10.0,43.0,63.0,71.0,64.0,40.0,66.0,57.0,65.0,58.0,53.0,52.0,54.0,81.0,77.0,61.0,47.0,47.0,21.0,11.0
MoscuNo1,2.0,5.0,4.0,4.0,6.0,11.0,13.0,15.0,15.0,11.0,13.0,15.0,20.0,14.0,6.0,13.0,17.0,13.0,18.0,15.0,14.0,9.0,9.0,10.0
MoscuNo2,3.0,9.0,4.0,6.0,7.0,9.0,19.0,12.0,17.0,15.0,7.0,15.0,15.0,14.0,7.0,11.0,16.0,14.0,24.0,11.0,15.0,11.0,3.0,0.0
Naranjal,11.0,38.0,39.0,43.0,42.0,93.0,144.0,150.0,118.0,125.0,132.0,139.0,155.0,128.0,118.0,125.0,119.0,134.0,111.0,85.0,76.0,49.0,31.0,14.0
NuevaVilladeAburra,2.0,1.0,3.0,1.0,2.0,3.0,5.0,14.0,9.0,3.0,4.0,10.0,8.0,8.0,3.0,12.0,12.0,10.0,3.0,9.0,5.0,12.0,2.0,1.0
NuevaVilladeLaIguana,0.0,0.0,0.0,0.0,0.0,0.0,0.0,0.0,0.0,0.0,0.0,0.0,0.0,1.0,0.0,0.0,0.0,0.0,0.0,0.0,0.0,0.0,0.0,0.0
NuevaVilladelaIguana,2.0,5.0,4.0,1.0,3.0,6.0,21.0,22.0,26.0,17.0,23.0,22.0,29.0,18.0,17.0,16.0,16.0,19.0,16.0,16.0,10.0,14.0,12.0,3.0
NuevosConquistadores,4.0,1.0,3.0,4.0,1.0,0.0,2.0,5.0,4.0,3.0,7.0,8.0,4.0,4.0,5.0,1.0,3.0,8.0,2.0,7.0,2.0,0.0,4.0,2.0
OchodeMarzo,0.0,2.0,0.0,1.0,0.0,2.0,0.0,1.0,4.0,1.0,3.0,0.0,1.0,3.0,2.0,1.0,5.0,2.0,2.0,1.0,2.0,0.0,1.0,2.0
OlayaHerrera,0.0,2.0,3.0,1.0,4.0,5.0,7.0,9.0,5.0,3.0,9.0,7.0,8.0,6.0,8.0,9.0,4.0,8.0,6.0,7.0,10.0,10.0,3.0,3.0
Oleoducto,0.0,6.0,9.0,2.0,7.0,19.0,16.0,32.0,15.0,23.0,10.0,16.0,18.0,11.0,13.0,23.0,11.0,12.0,12.0,25.0,13.0,6.0,5.0,6.0
Oriente,1.0,0.0,0.0,0.0,1.0,0.0,6.0,5.0,2.0,3.0,6.0,4.0,4.0,2.0,4.0,5.0,4.0,2.0,5.0,3.0,6.0,3.0,1.0,1.0
PabloVI,3.0,1.0,0.0,3.0,3.0,4.0,2.0,4.0,1.0,5.0,1.0,2.0,8.0,4.0,5.0,3.0,4.0,6.0,2.0,5.0,7.0,2.0,2.0,3.0
Pajarito,1.0,1.0,0.0,1.0,0.0,5.0,5.0,4.0,4.0,3.0,5.0,2.0,5.0,1.0,5.0,7.0,4.0,2.0,3.0,4.0,3.0,2.0,1.0,2.0
Palenque,5.0,6.0,4.0,6.0,10.0,12.0,24.0,23.0,21.0,9.0,14.0,20.0,16.0,17.0,18.0,11.0,11.0,18.0,18.0,21.0,15.0,15.0,10.0,4.0
Palermo,4.0,3.0,1.0,7.0,3.0,6.0,18.0,14.0,16.0,9.0,16.0,14.0,10.0,7.0,6.0,10.0,19.0,26.0,18.0,13.0,11.0,7.0,9.0,2.0
ParqueJuanPabloII,7.0,12.0,5.0,3.0,7.0,22.0,20.0,41.0,25.0,28.0,42.0,22.0,32.0,28.0,27.0,36.0,32.0,39.0,32.0,32.0,23.0,20.0,12.0,8.0
ParqueNorte,1.0,10.0,4.0,7.0,5.0,8.0,26.0,27.0,10.0,26.0,19.0,9.0,14.0,15.0,22.0,21.0,21.0,14.0,24.0,16.0,15.0,12.0,3.0,4.0
PatioBonito,2.0,13.0,8.0,14.0,7.0,25.0,41.0,58.0,47.0,42.0,41.0,49.0,64.0,38.0,46.0,42.0,41.0,55.0,42.0,25.0,14.0,15.0,16.0,10.0
Pedregal,12.0,10.0,12.0,8.0,17.0,24.0,32.0,29.0,29.0,25.0,37.0,36.0,52.0,43.0,31.0,42.0,27.0,36.0,45.0,49.0,45.0,35.0,29.0,11.0
PedregalAlto,1.0,0.0,1.0,1.0,1.0,2.0,4.0,1.0,2.0,3.0,3.0,0.0,3.0,0.0,0.0,2.0,2.0,2.0,2.0,1.0,1.0,1.0,0.0,0.0
PedregalBajo,3.0,4.0,3.0,1.0,1.0,2.0,4.0,11.0,4.0,4.0,3.0,3.0,2.0,7.0,4.0,6.0,4.0,5.0,4.0,3.0,7.0,5.0,1.0,5.0
PerpetuoSocorro,24.0,41.0,23.0,42.0,61.0,129.0,214.0,217.0,162.0,189.0,199.0,233.0,234.0,201.0,214.0,173.0,203.0,259.0,187.0,97.0,88.0,75.0,38.0,22.0
Picachito,1.0,0.0,4.0,1.0,2.0,2.0,2.0,1.0,2.0,2.0,0.0,4.0,9.0,2.0,2.0,4.0,3.0,2.0,2.0,0.0,4.0,2.0,2.0,1.0
Picacho,9.0,9.0,12.0,13.0,11.0,25.0,37.0,34.0,36.0,25.0,30.0,25.0,29.0,33.0,26.0,26.0,31.0,30.0,42.0,37.0,35.0,40.0,18.0,13.0
PiedraGorda,0.0,0.0,0.0,0.0,0.0,0.0,0.0,0.0,0.0,0.0,0.0,0.0,0.0,0.0,0.0,0.0,0.0,0.0,1.0,0.0,0.0,0.0,0.0,0.0
PiedrasBlancas,2.0,1.0,1.0,3.0,2.0,4.0,4.0,3.0,6.0,5.0,2.0,8.0,5.0,2.0,3.0,6.0,3.0,1.0,1.0,5.0,7.0,1.0,2.0,1.0
PiedrasBlancas-Matasano,0.0,0.0,0.0,0.0,0.0,0.0,0.0,0.0,0.0,0.0,1.0,0.0,0.0,0.0,0.0,0.0,0.0,0.0,0.0,0.0,0.0,0.0,0.0,0.0
PiedrasBlancasRepresa,0.0,0.0,0.0,0.0,0.0,0.0,1.0,0.0,1.0,0.0,0.0,0.0,0.0,0.0,0.0,2.0,0.0,0.0,0.0,0.0,0.0,0.0,0.0,0.0
PlayondeLosComuneros,6.0,4.0,2.0,2.0,7.0,7.0,15.0,10.0,13.0,12.0,8.0,14.0,16.0,12.0,18.0,9.0,10.0,18.0,13.0,16.0,14.0,7.0,8.0,5.0
PlazadeFerias,2.0,4.0,1.0,1.0,1.0,6.0,11.0,12.0,5.0,9.0,5.0,5.0,7.0,7.0,7.0,4.0,3.0,3.0,4.0,4.0,3.0,4.0,1.0,2.0
Popular,4.0,10.0,8.0,4.0,9.0,10.0,22.0,18.0,15.0,15.0,13.0,25.0,27.0,17.0,20.0,24.0,26.0,23.0,26.0,17.0,16.0,16.0,12.0,6.0
Potrerito,0.0,0.0,0.0,0.0,0.0,0.0,0.0,1.0,0.0,0.0,0.0,0.0,2.0,0.0,0.0,0.0,1.0,0.0,0.0,0.0,0.0,0.0,0.0,0.0
Prado,18.0,32.0,20.0,22.0,24.0,65.0,126.0,130.0,124.0,78.0,76.0,107.0,112.0,93.0,80.0,83.0,90.0,100.0,105.0,65.0,49.0,37.0,27.0,16.0
Robledo,7.0,11.0,16.0,12.0,17.0,43.0,81.0,85.0,52.0,42.0,35.0,49.0,49.0,33.0,38.0,39.0,29.0,32.0,49.0,36.0,36.0,27.0,18.0,6.0
Rosales,13.0,18.0,12.0,15.0,24.0,39.0,50.0,87.0,77.0,69.0,59.0,78.0,65.0,67.0,62.0,62.0,77.0,85.0,47.0,63.0,52.0,32.0,23.0,14.0
SanAntonio,1.0,0.0,0.0,0.0,0.0,0.0,2.0,0.0,0.0,1.0,1.0,3.0,0.0,0.0,2.0,0.0,1.0,4.0,0.0,1.0,2.0,0.0,2.0,2.0
SanBenito,15.0,59.0,47.0,50.0,63.0,100.0,157.0,173.0,162.0,184.0,154.0,211.0,217.0,149.0,151.0,174.0,167.0,201.0,131.0,110.0,70.0,59.0,44.0,11.0
SanBernardo,12.0,14.0,5.0,16.0,8.0,24.0,49.0,45.0,40.0,39.0,39.0,50.0,59.0,45.0,47.0,50.0,50.0,36.0,38.0,42.0,39.0,41.0,19.0,13.0
SanDiego,8.0,41.0,36.0,34.0,35.0,73.0,134.0,180.0,111.0,107.0,122.0,153.0,175.0,149.0,132.0,127.0,126.0,170.0,136.0,103.0,58.0,43.0,46.0,18.0
SanGerman,2.0,10.0,4.0,4.0,6.0,23.0,29.0,33.0,32.0,21.0,14.0,18.0,28.0,22.0,25.0,31.0,23.0,28.0,37.0,33.0,21.0,12.0,14.0,6.0
SanIsidro,10.0,14.0,8.0,13.0,10.0,28.0,59.0,52.0,40.0,38.0,36.0,29.0,47.0,42.0,43.0,33.0,39.0,38.0,56.0,50.0,42.0,30.0,30.0,13.0
SanJavier,0.0,0.0,0.0,0.0,0.0,0.0,0.0,1.0,0.0,0.0,0.0,0.0,1.0,0.0,0.0,0.0,0.0,0.0,0.0,0.0,0.0,0.0,0.0,0.0
SanJavierNo1,7.0,13.0,8.0,11.0,6.0,28.0,36.0,40.0,28.0,29.0,27.0,21.0,36.0,29.0,27.0,21.0,36.0,38.0,40.0,45.0,30.0,25.0,10.0,12.0
SanJavierNo2,0.0,4.0,8.0,5.0,1.0,3.0,9.0,10.0,14.0,4.0,19.0,7.0,16.0,8.0,8.0,13.0,12.0,14.0,20.0,17.0,22.0,16.0,8.0,5.0
SanJoaquin,5.0,8.0,9.0,6.0,6.0,13.0,25.0,39.0,34.0,23.0,40.0,41.0,38.0,35.0,24.0,23.0,29.0,27.0,34.0,27.0,16.0,15.0,12.0,6.0
SanJosedelaMontaña,0.0,0.0,0.0,0.0,0.0,0.0,0.0,0.0,0.0,0.0,0.0,1.0,0.0,0.0,0.0,0.0,0.0,0.0,0.0,0.0,0.0,0.0,0.0,0.0
SanJoselaCimaNo1,0.0,0.0,0.0,2.0,0.0,0.0,4.0,5.0,2.0,1.0,1.0,0.0,2.0,5.0,1.0,2.0,1.0,0.0,2.0,1.0,1.0,1.0,0.0,0.0
SanJoselaCimaNo2,1.0,1.0,0.0,1.0,1.0,2.0,3.0,0.0,1.0,0.0,1.0,3.0,0.0,2.0,0.0,0.0,0.0,1.0,0.0,0.0,0.0,0.0,0.0,0.0
SanLucas,0.0,1.0,0.0,1.0,3.0,1.0,2.0,8.0,5.0,7.0,9.0,7.0,10.0,8.0,12.0,8.0,17.0,9.0,6.0,7.0,7.0,3.0,2.0,1.0
SanMartindePorres,10.0,11.0,6.0,8.0,6.0,16.0,38.0,27.0,21.0,21.0,18.0,16.0,39.0,27.0,23.0,26.0,27.0,32.0,18.0,28.0,29.0,14.0,17.0,5.0
SanMiguel,8.0,13.0,9.0,8.0,10.0,24.0,55.0,45.0,44.0,26.0,32.0,39.0,40.0,41.0,29.0,29.0,33.0,51.0,40.0,29.0,37.0,14.0,11.0,5.0
SanPablo,4.0,8.0,10.0,6.0,3.0,12.0,22.0,13.0,13.0,13.0,14.0,17.0,18.0,12.0,18.0,16.0,12.0,14.0,17.0,22.0,19.0,9.0,5.0,7.0
SanPedro,10.0,19.0,16.0,17.0,12.0,24.0,44.0,36.0,34.0,28.0,37.0,38.0,45.0,47.0,37.0,48.0,56.0,47.0,55.0,45.0,30.0,23.0,18.0,8.0
SantaCruz,5.0,6.0,5.0,5.0,5.0,9.0,20.0,13.0,11.0,10.0,14.0,8.0,9.0,12.0,14.0,13.0,11.0,12.0,10.0,17.0,16.0,9.0,6.0,6.0
SantaFe,15.0,32.0,31.0,28.0,43.0,125.0,179.0,215.0,159.0,117.0,131.0,145.0,173.0,161.0,157.0,146.0,169.0,184.0,152.0,106.0,70.0,58.0,47.0,17.0
SantaInes,6.0,5.0,10.0,4.0,9.0,16.0,26.0,36.0,18.0,22.0,14.0,19.0,17.0,19.0,29.0,23.0,26.0,32.0,27.0,16.0,19.0,23.0,11.0,6.0
SantaLucia,1.0,3.0,2.0,4.0,3.0,8.0,7.0,8.0,13.0,6.0,14.0,8.0,15.0,12.0,14.0,9.0,18.0,8.0,16.0,14.0,5.0,13.0,4.0,3.0
SantaMargarita,3.0,2.0,1.0,3.0,2.0,7.0,11.0,4.0,3.0,4.0,3.0,7.0,11.0,5.0,7.0,6.0,13.0,10.0,8.0,5.0,6.0,7.0,2.0,2.0
SantaMariadeLosÁngeles,1.0,1.0,0.0,1.0,3.0,9.0,18.0,18.0,16.0,11.0,13.0,14.0,9.0,8.0,14.0,12.0,10.0,20.0,15.0,8.0,12.0,4.0,4.0,1.0
SantaMariadelosÁngeles,0.0,8.0,11.0,9.0,11.0,12.0,22.0,36.0,28.0,39.0,40.0,35.0,42.0,40.0,37.0,33.0,43.0,40.0,31.0,21.0,14.0,15.0,6.0,4.0
SantaMonica,2.0,6.0,5.0,8.0,7.0,15.0,22.0,28.0,19.0,13.0,16.0,19.0,18.0,19.0,19.0,19.0,18.0,18.0,14.0,16.0,8.0,12.0,10.0,5.0
SantaRosadeLima,1.0,0.0,0.0,1.0,0.0,0.0,0.0,0.0,0.0,1.0,0.0,2.0,1.0,1.0,2.0,2.0,0.0,1.0,0.0,3.0,2.0,2.0,1.0,0.0
SantaTeresita,1.0,7.0,2.0,1.0,1.0,8.0,19.0,19.0,16.0,18.0,7.0,8.0,13.0,15.0,9.0,14.0,8.0,8.0,13.0,10.0,10.0,10.0,5.0,1.0
Santander,10.0,9.0,11.0,4.0,7.0,15.0,18.0,22.0,24.0,22.0,13.0,25.0,27.0,28.0,18.0,16.0,16.0,14.0,22.0,30.0,32.0,17.0,17.0,14.0
SantoDomingoSavioNo1,10.0,13.0,4.0,7.0,9.0,12.0,35.0,17.0,13.0,15.0,16.0,16.0,20.0,21.0,18.0,25.0,20.0,26.0,17.0,25.0,33.0,19.0,13.0,7.0
SantoDomingoSavioNo2,0.0,2.0,4.0,0.0,4.0,3.0,8.0,8.0,5.0,11.0,3.0,11.0,8.0,6.0,4.0,16.0,12.0,10.0,6.0,10.0,7.0,4.0,1.0,5.0
Sevilla,5.0,24.0,15.0,24.0,19.0,30.0,63.0,61.0,66.0,50.0,44.0,65.0,58.0,50.0,51.0,56.0,63.0,60.0,58.0,51.0,39.0,39.0,25.0,10.0
SimonBolivar,2.0,6.0,7.0,6.0,5.0,12.0,23.0,23.0,12.0,12.0,17.0,17.0,32.0,20.0,20.0,13.0,17.0,20.0,20.0,21.0,9.0,11.0,5.0,4.0
SinNombre,0.0,0.0,0.0,0.0,0.0,0.0,0.0,0.0,0.0,0.0,0.0,1.0,0.0,0.0,0.0,0.0,0.0,0.0,0.0,1.0,1.0,1.0,0.0,0.0
SuburbanoAltavista,1.0,1.0,1.0,0.0,1.0,4.0,6.0,4.0,4.0,4.0,5.0,3.0,4.0,3.0,2.0,3.0,0.0,6.0,4.0,5.0,10.0,2.0,1.0,1.0
SuburbanoChacaltaya,0.0,0.0,0.0,0.0,0.0,0.0,0.0,2.0,0.0,0.0,1.0,0.0,1.0,1.0,0.0,0.0,0.0,1.0,0.0,0.0,0.0,0.0,0.0,1.0
SuburbanoElLlano,0.0,0.0,0.0,0.0,0.0,0.0,0.0,0.0,0.0,0.0,2.0,2.0,2.0,0.0,1.0,0.0,1.0,1.0,0.0,0.0,0.0,1.0,0.0,0.0
SuburbanoElPlan,9.0,5.0,9.0,9.0,5.0,7.0,13.0,10.0,18.0,11.0,12.0,14.0,19.0,13.0,16.0,16.0,21.0,28.0,12.0,11.0,17.0,17.0,12.0,6.0
SuburbanoLaLoma,0.0,4.0,2.0,5.0,1.0,11.0,22.0,14.0,8.0,4.0,12.0,14.0,10.0,6.0,10.0,3.0,10.0,9.0,9.0,8.0,6.0,2.0,2.0,4.0
SuburbanoMiradordelPoblado,2.0,0.0,0.0,0.0,0.0,1.0,3.0,3.0,3.0,7.0,0.0,0.0,1.0,1.0,2.0,1.0,3.0,4.0,2.0,1.0,3.0,0.0,1.0,2.0
SuburbanoPalmaPatio,0.0,0.0,0.0,0.0,0.0,2.0,3.0,0.0,0.0,1.0,0.0,1.0,4.0,0.0,1.0,2.0,2.0,1.0,1.0,0.0,0.0,0.0,1.0,0.0
SuburbanoPalmitas,0.0,0.0,0.0,0.0,0.0,0.0,0.0,0.0,1.0,1.0,0.0,1.0,2.0,0.0,0.0,0.0,0.0,1.0,1.0,0.0,1.0,0.0,1.0,0.0
SuburbanoPedregalalto,0.0,1.0,0.0,0.0,2.0,1.0,3.0,1.0,0.0,0.0,0.0,1.0,2.0,2.0,0.0,0.0,1.0,1.0,1.0,0.0,2.0,1.0,1.0,1.0
SuburbanoPotrerito,0.0,0.0,0.0,0.0,0.0,0.0,0.0,0.0,0.0,0.0,0.0,0.0,0.0,0.0,0.0,0.0,0.0,0.0,0.0,1.0,0.0,0.0,0.0,0.0
SuburbanoTravesias,0.0,1.0,0.0,0.0,2.0,3.0,3.0,0.0,3.0,5.0,4.0,2.0,3.0,5.0,4.0,2.0,3.0,6.0,3.0,3.0,2.0,4.0,0.0,0.0
SuburbanoelTesoro,0.0,0.0,0.0,0.0,1.0,1.0,1.0,0.0,1.0,0.0,0.0,0.0,0.0,1.0,0.0,2.0,0.0,3.0,2.0,0.0,0.0,1.0,0.0,0.0
Sucre,5.0,11.0,7.0,3.0,6.0,15.0,47.0,48.0,29.0,18.0,19.0,30.0,24.0,28.0,30.0,17.0,40.0,36.0,32.0,30.0,29.0,27.0,21.0,7.0
Suramericana,5.0,17.0,22.0,17.0,28.0,37.0,91.0,117.0,73.0,71.0,77.0,85.0,103.0,84.0,87.0,92.0,62.0,89.0,47.0,44.0,35.0,23.0,21.0,19.0
Tejelo,8.0,11.0,5.0,4.0,10.0,23.0,39.0,37.0,22.0,18.0,26.0,17.0,40.0,23.0,25.0,35.0,29.0,30.0,26.0,36.0,49.0,20.0,16.0,17.0
Tenche,7.0,15.0,13.0,20.0,9.0,34.0,36.0,59.0,46.0,50.0,35.0,58.0,51.0,47.0,65.0,54.0,46.0,53.0,36.0,34.0,22.0,15.0,9.0,10.0
TerminaldeTransporte,17.0,30.0,19.0,19.0,44.0,116.0,179.0,209.0,139.0,143.0,123.0,99.0,102.0,109.0,121.0,116.0,123.0,147.0,141.0,138.0,104.0,88.0,45.0,32.0
Toscana,7.0,15.0,7.0,8.0,17.0,30.0,47.0,42.0,47.0,37.0,23.0,21.0,33.0,29.0,23.0,26.0,21.0,32.0,27.0,22.0,25.0,23.0,13.0,6.0
Travesias,0.0,0.0,0.0,1.0,0.0,0.0,0.0,0.0,0.0,0.0,0.0,0.0,0.0,0.0,0.0,0.0,0.0,0.0,0.0,0.0,0.0,0.0,0.0,0.0
TrecedeNoviembre,1.0,0.0,0.0,0.0,0.0,1.0,4.0,3.0,2.0,0.0,2.0,0.0,1.0,4.0,6.0,1.0,5.0,2.0,2.0,5.0,2.0,1.0,2.0,0.0
Tricentenario,2.0,11.0,8.0,20.0,16.0,37.0,67.0,72.0,41.0,42.0,23.0,19.0,47.0,40.0,35.0,35.0,42.0,43.0,33.0,29.0,31.0,38.0,23.0,12.0
Trinidad,6.0,18.0,16.0,13.0,10.0,15.0,44.0,46.0,47.0,50.0,56.0,49.0,75.0,57.0,61.0,48.0,43.0,69.0,39.0,31.0,27.0,29.0,30.0,9.0
UDAtanasioGirardot,2.0,5.0,3.0,6.0,4.0,5.0,12.0,19.0,19.0,11.0,18.0,13.0,15.0,21.0,12.0,18.0,8.0,17.0,11.0,9.0,10.0,9.0,3.0,3.0
UPB,0.0,1.0,1.0,0.0,1.0,2.0,3.0,4.0,5.0,6.0,4.0,9.0,8.0,5.0,9.0,3.0,9.0,9.0,7.0,6.0,2.0,2.0,3.0,1.0
UniversidadNacional,10.0,19.0,18.0,23.0,30.0,66.0,143.0,142.0,85.0,76.0,96.0,79.0,97.0,73.0,87.0,82.0,85.0,91.0,87.0,69.0,42.0,35.0,26.0,14.0
UniversidaddeAntioquia,6.0,8.0,10.0,16.0,20.0,30.0,37.0,32.0,33.0,31.0,37.0,32.0,39.0,24.0,25.0,31.0,49.0,37.0,46.0,45.0,42.0,21.0,24.0,11.0
VeintedeJulio,5.0,9.0,1.0,5.0,8.0,6.0,22.0,18.0,16.0,15.0,12.0,20.0,18.0,16.0,14.0,17.0,14.0,11.0,18.0,13.0,18.0,12.0,3.0,7.0
VersallesNo1,1.0,11.0,6.0,6.0,9.0,16.0,18.0,20.0,24.0,12.0,23.0,21.0,32.0,27.0,15.0,21.0,29.0,29.0,25.0,28.0,24.0,16.0,13.0,7.0
VersallesNo2,1.0,1.0,3.0,0.0,0.0,2.0,3.0,1.0,2.0,3.0,3.0,2.0,4.0,1.0,3.0,4.0,1.0,5.0,3.0,2.0,1.0,0.0,1.0,0.0
VillaCarlota,9.0,24.0,22.0,17.0,25.0,54.0,97.0,118.0,93.0,117.0,101.0,108.0,123.0,83.0,101.0,115.0,93.0,154.0,88.0,62.0,50.0,43.0,29.0,12.0
VillaFlora,8.0,9.0,8.0,10.0,11.0,32.0,51.0,56.0,42.0,23.0,33.0,22.0,28.0,32.0,29.0,22.0,42.0,29.0,39.0,23.0,33.0,38.0,16.0,8.0
VillaGuadalupe,3.0,5.0,7.0,4.0,7.0,13.0,17.0,10.0,11.0,13.0,6.0,13.0,14.0,12.0,9.0,13.0,17.0,16.0,20.0,19.0,17.0,16.0,13.0,6.0
VillaHermosa,7.0,11.0,9.0,9.0,9.0,9.0,26.0,29.0,20.0,16.0,19.0,20.0,27.0,21.0,20.0,14.0,16.0,25.0,27.0,28.0,30.0,20.0,16.0,15.0
VillaLiliam,0.0,2.0,2.0,2.0,1.0,2.0,6.0,7.0,3.0,4.0,7.0,9.0,5.0,3.0,3.0,4.0,2.0,3.0,5.0,3.0,6.0,2.0,3.0,2.0
VillaLilliam,0.0,0.0,0.0,0.0,0.0,0.0,0.0,1.0,0.0,0.0,0.0,0.0,0.0,0.0,1.0,0.0,2.0,0.0,0.0,0.0,1.0,1.0,0.0,0.0
VillaNiza,2.0,7.0,4.0,4.0,3.0,4.0,6.0,7.0,6.0,6.0,6.0,8.0,5.0,4.0,9.0,3.0,12.0,7.0,6.0,5.0,6.0,3.0,9.0,4.0
VillaNueva,22.0,41.0,38.0,36.0,46.0,70.0,133.0,178.0,135.0,119.0,141.0,142.0,173.0,115.0,111.0,138.0,130.0,144.0,128.0,109.0,88.0,56.0,44.0,23.0
VillaTurbay,1.0,0.0,0.0,0.0,3.0,1.0,5.0,2.0,3.0,1.0,0.0,1.0,0.0,3.0,3.0,2.0,1.0,1.0,1.0,0.0,4.0,0.0,3.0,0.0
VilladelSocorro,3.0,7.0,8.0,5.0,7.0,17.0,19.0,17.0,16.0,14.0,21.0,18.0,24.0,13.0,17.0,24.0,14.0,18.0,23.0,15.0,19.0,13.0,7.0,5.0
Villatina,8.0,6.0,7.0,8.0,8.0,11.0,23.0,18.0,15.0,10.0,19.0,14.0,23.0,27.0,15.0,13.0,19.0,22.0,16.0,27.0,19.0,19.0,12.0,12.0
Yolombo,0.0,0.0,0.0,0.0,0.0,1.0,0.0,0.0,1.0,1.0,0.0,0.0,0.0,0.0,0.0,0.0,0.0,0.0,0.0,0.0,0.0,1.0,0.0,0.0
ÁreadeExpansionAltosdeCalasanz,1.0,2.0,1.0,1.0,1.0,2.0,9.0,8.0,7.0,7.0,3.0,3.0,4.0,1.0,4.0,2.0,7.0,3.0,3.0,3.0,3.0,2.0,1.0,1.0
ÁreadeExpansionPajarito,5.0,9.0,9.0,4.0,9.0,29.0,59.0,49.0,40.0,21.0,27.0,30.0,40.0,25.0,25.0,29.0,32.0,30.0,24.0,35.0,33.0,24.0,19.0,10.0
ÁreadeExpansionSanAntoniodePrado,1.0,0.0,2.0,1.0,4.0,1.0,4.0,3.0,2.0,0.0,0.0,1.0,2.0,1.0,2.0,4.0,1.0,4.0,2.0,3.0,1.0,1.0,0.0,2.0
